path,size,sha256
20260913_112219.jpg,3499055,2aa42896ff41cbaa08987371a045d25bfd8b43e5fd10128c7c6c42efeda2df2a
20260913_112224.jpg,3004942,951e7eaa569b4598337a5821b5f47664cce6c5fab43efa40834a5fc557e5d1ec
20260913_112225.jpg,3171089,1b3081ea210f3df9b1f1d34b8f982ffb70bb0c224680f36f9e5f830772b6b6e2
20260913_112228.jpg,3649575,6db3200d92cd69e784067765dda158e92a010cc96e37a6288cbe353c26e3fdf4
20260913_112230.mp4,2952783,0b586ba03565f7b577a0b98b91fc6d6b8068e32e1f9e0519b6e45b776ce53379
20260913_113538.jpg,2434280,a0756c1018e589703b61fb61ca2ca00aac87460d39f068e9af8faf765a70d4fe
20260913_113540.mp4,11411850,356b612b0e96ee53c460c27a3cf3597b749abe2b82d114eecf0bed1a88b02153
20260913_113551.mp4,5813898,5a029c9e3cedde76c22c6dd5c3f6580fe75337ccd25c6b35bf5208cdf3a79882
20260913_113558(0).jpg,2319140,73e278f9e9b23be6b6afa71e97133b56fcebb0fef1c1f56d02f7568e7780972b
20260913_113558.jpg,2279271,495aa5c284c8bf808f0e8482836e01aa9953647f442829df50c623b046653269
20260913_141336.jpg,4865464,5884e84c4a0bcdbdc80ec3d7d5cf88fb0235c46d841c039113b333274f3fc2bf
20260913_141341.jpg,3882613,7c9a01ff178ab55440778ca49f532baf3faa31bb743cc540f07c54f613c30db4
20260913_141343.jpg,3196118,f02bcbd21ed19bd46390db79ebeb3361439dd6aa7b4eab555b01a35c9247c40a
20260913_141346.jpg,5806502,da9189c662a4748a8faacf842d5e7d54f2c08a330d99256ac49c6a00d1f6dfc7
20260913_141430.jpg,3965322,0267c004873c753c64e6a34bcc93ab04983a13bda43803dbd7bd3b50c64c4bd9
20260913_141432.mp4,6961102,db848dda053ed9f94265c96c9fc6ec53ba7feb6d2decb6a8a04027b1443f1ebd
20260913_141514.jpg,4820222,59745b6b4eab26b83680410c59d4de746cf7d01fc75b028f428bf4cba2e656a1
20260913_141515.jpg,5333986,17acc9eaf4949383cb8bfb4c8111bffc171c924bbbb117cb2ca59d703500d142
20260913_141517.jpg,4062700,1bcfb4a3fbf3962c60b12d3224fd7f6b6a15c5e1b97da622201a80eadd492b64
20260913_141550.jpg,3644809,ac7fd3b35659b291e652e49313cd4750fa373f1a2f05d69a7efaf9425580aeda
20260913_141551.mp4,14628798,8c41f3124700dfa23a0508f54f05e0cd4a9b93f1805ab35fb3e8703f22229c93
20260913_141616.jpg,5863627,f3d25723ca8e0bb2706c15d5812e00352196cc3c894a0b95da419cbb06f5dd82
